Actual_Age,Predicted_Age
69.0,55.06751
68.0,43.302784
47.0,38.750256
55.0,37.749165
64.0,57.482067
23.0,23.24144
66.0,48.609562
78.0,57.16004
68.0,56.87795
85.0,67.72057
80.0,62.76167
70.0,53.768223
36.0,22.721743
79.0,62.156326
63.0,55.96676
28.0,23.293415
39.0,35.693027
60.0,34.848053
18.0,11.720404
75.0,46.05013
65.0,49.492634
44.0,36.48258
43.0,25.117506
42.0,27.984818
72.0,61.385242
40.0,20.918983
64.0,47.23264
56.0,42.444683
49.0,22.850082
45.0,35.099045
66.0,58.386387
83.0,56.751015
78.0,52.74665
84.0,70.49565
29.0,27.133638
51.0,41.486217
24.0,19.929314
80.0,57.813793
28.0,22.230072
76.0,56.73283
21.0,12.0994625
70.0,63.155457
69.0,59.423103
69.0,50.462795
70.0,55.556526
32.0,21.944242
54.0,40.27508
27.0,15.535418
60.0,52.45007
79.0,62.757553
30.0,13.990746
73.0,58.14778
51.0,41.96889
45.0,37.546917
55.0,38.29197
63.0,58.73546
57.0,42.248943
37.0,24.29281
28.0,22.790787
50.0,31.71191
66.0,44.18243
80.0,64.81065
88.0,52.93661
37.0,23.728619
27.0,15.202112
80.0,57.97198
60.0,42.991573
49.0,40.49229
56.0,48.466534
32.0,26.949745
78.0,65.33109
67.0,50.341736
64.0,55.588932
33.0,20.76061
72.0,49.79171
35.0,24.328136
73.0,54.50243
36.0,25.553394
52.0,31.023441
33.0,16.502638
54.0,26.309282
68.0,49.816067
56.0,39.67719
72.0,50.715397
36.0,23.564697
78.0,70.10325
52.0,27.821442
51.0,43.47618
41.0,25.77424
29.0,17.643326
39.0,35.368523
61.0,54.03509
61.0,47.366993
24.0,21.196018
25.0,22.892157
43.0,29.89627
60.0,52.547695
76.0,57.40415
36.0,28.768194
81.0,67.92831
43.0,15.293228
85.0,51.766052
34.0,23.133343
76.0,59.89329
48.0,40.375484
58.0,46.168884
30.0,16.6502
50.0,21.525578
58.0,46.810093
40.0,25.944714
87.0,66.289696
29.0,14.497938
83.0,69.89605
53.0,28.288292
78.0,53.734325
48.0,41.73503
84.0,77.829346
47.0,35.25417
61.0,45.866062
47.0,48.793755
40.0,32.96562
80.0,46.17647
62.0,44.478077
37.0,21.996473
69.0,56.247204
41.0,24.159319
23.0,12.438805
37.0,29.095951
28.0,17.305668
43.0,27.772203
45.0,34.06042
