Actual_Age,Predicted_Age
69.0,57.606216
68.0,45.556168
47.0,35.011623
55.0,34.593975
64.0,60.400043
23.0,22.135887
66.0,49.164955
78.0,56.746517
68.0,58.997025
85.0,72.239784
80.0,64.01881
70.0,53.96162
36.0,19.30656
79.0,64.36818
63.0,61.364132
28.0,24.89081
39.0,33.637848
60.0,29.954124
18.0,13.000584
75.0,43.415188
65.0,50.494083
44.0,33.94308
43.0,21.107204
42.0,28.076889
72.0,64.95803
40.0,20.34806
64.0,45.195126
56.0,43.51567
49.0,19.579784
45.0,32.0039
66.0,62.200073
83.0,58.69395
78.0,53.39082
84.0,69.39694
29.0,25.077024
51.0,37.717777
24.0,18.532684
80.0,60.287075
28.0,22.750229
76.0,59.719044
21.0,13.237505
70.0,63.08697
69.0,62.3058
69.0,52.98788
70.0,59.22359
32.0,20.226467
54.0,41.45154
27.0,12.140089
60.0,51.454502
79.0,64.77169
30.0,15.289555
73.0,64.41472
51.0,38.996853
45.0,34.519863
55.0,34.63087
63.0,60.29173
57.0,43.57858
37.0,23.73429
28.0,20.08954
50.0,29.438236
66.0,43.50253
80.0,66.79577
88.0,56.548023
37.0,21.414612
27.0,16.359913
80.0,61.533188
60.0,45.50469
49.0,38.193806
56.0,48.291
32.0,24.258701
78.0,66.77334
67.0,52.232452
64.0,56.123257
33.0,23.006424
72.0,51.138065
35.0,21.151884
73.0,59.04022
36.0,22.91847
52.0,30.28837
33.0,16.595037
54.0,24.675938
68.0,53.61218
56.0,38.534023
72.0,52.231472
36.0,19.5769
78.0,71.56046
52.0,26.240126
51.0,40.53358
41.0,23.814293
29.0,18.054243
39.0,34.566807
61.0,53.64545
61.0,45.37795
24.0,21.752377
25.0,22.991959
43.0,27.760687
60.0,51.55766
76.0,58.453693
36.0,26.1996
81.0,71.62332
43.0,14.597712
85.0,54.49438
34.0,20.162317
76.0,63.866467
48.0,40.18024
58.0,41.203533
30.0,18.80336
50.0,20.069565
58.0,47.79208
40.0,22.32884
87.0,67.77181
29.0,12.963942
83.0,73.2342
53.0,28.422611
78.0,55.64885
48.0,40.42412
84.0,79.16138
47.0,33.14119
61.0,46.761875
47.0,47.64072
40.0,29.715275
80.0,50.56769
62.0,41.800076
37.0,19.116337
69.0,57.856693
41.0,20.975517
23.0,11.277166
37.0,27.162626
28.0,15.293446
43.0,27.739393
45.0,31.86939
