Actual_Age,Predicted_Age
30.0,28.38413
25.0,19.394812
54.0,39.258358
63.0,52.464497
60.0,42.93477
57.0,56.925663
54.0,41.566216
60.0,64.47776
57.0,49.74173
29.0,32.581497
27.0,25.833313
60.0,74.78573
59.0,55.20914
75.0,71.50259
23.0,12.327517
55.0,54.926563
59.0,50.469822
59.0,48.630604
48.0,44.478367
20.0,23.454124
68.0,64.08722
74.0,71.470474
64.0,66.07983
23.0,22.466343
55.0,49.13676
45.0,44.752285
61.0,49.657238
49.0,36.6795
20.0,16.670036
72.0,72.777824
19.0,17.957905
27.0,22.688108
34.0,28.393955
23.0,17.649868
26.0,32.240704
24.0,24.650234
60.0,48.565704
48.0,49.69903
24.0,24.847076
57.0,45.442093
32.0,31.799177
55.0,55.085957
48.0,40.28682
57.0,49.499035
62.0,56.38921
23.0,26.177689
35.0,42.18736
59.0,52.46175
42.0,49.012775
23.0,25.70777
61.0,57.380287
45.0,38.29309
42.0,43.6805
77.0,85.082756
50.0,33.331287
32.0,23.160795
19.0,20.636753
53.0,43.80037
77.0,76.9361
72.0,59.46522
63.0,60.289494
46.0,36.61179
40.0,48.679432
58.0,58.15539
23.0,18.856468
59.0,23.537266
24.0,30.252014
61.0,55.233578
21.0,22.503551
49.0,52.678364
24.0,20.673618
53.0,39.88055
42.0,37.014046
63.0,52.127666
61.0,59.769726
23.0,19.605259
40.0,31.540726
21.0,18.38435
23.0,29.655754
24.0,19.263294
24.0,23.870052
69.0,78.58089
51.0,43.841434
72.0,59.439014
74.0,78.97844
23.0,24.758175
57.0,53.907337
62.0,53.478207
26.0,22.6539
19.0,16.168127
63.0,60.78256
53.0,53.463768
47.0,28.329424
60.0,64.95896
45.0,52.752686
24.0,19.990215
24.0,25.794548
33.0,24.726166
24.0,17.826334
