Actual_Age,Predicted_Age
30.0,26.0082
25.0,19.614391
54.0,37.459133
63.0,52.412144
60.0,42.881847
57.0,56.958767
54.0,39.355797
60.0,64.76928
57.0,49.67238
29.0,30.593578
27.0,26.55765
60.0,74.399925
59.0,58.41905
75.0,74.72129
23.0,12.891691
55.0,56.21603
59.0,50.756176
59.0,48.613697
48.0,44.447166
20.0,23.595829
68.0,65.695366
74.0,74.13644
64.0,67.516655
23.0,22.764389
55.0,49.10156
45.0,44.366375
61.0,48.822605
49.0,35.35174
20.0,17.579567
72.0,73.43341
19.0,17.189917
27.0,21.023218
34.0,28.563988
23.0,16.895336
26.0,29.853802
24.0,23.712719
60.0,47.949917
48.0,49.951515
24.0,24.428055
57.0,44.327305
32.0,28.451485
55.0,54.90729
48.0,39.84859
57.0,48.24672
62.0,54.189137
23.0,28.840542
35.0,42.52029
59.0,54.441322
42.0,47.09662
23.0,25.257587
61.0,58.016777
45.0,36.853977
42.0,43.065075
77.0,87.949776
50.0,32.513054
32.0,24.819332
19.0,21.02525
53.0,41.902534
77.0,77.439354
72.0,60.818066
63.0,60.60353
46.0,35.348225
40.0,47.39636
58.0,57.677784
23.0,20.21386
59.0,23.606663
24.0,28.86576
61.0,55.85122
21.0,21.461472
49.0,51.49061
24.0,22.642584
53.0,39.674877
42.0,34.999363
63.0,52.554802
61.0,61.087788
23.0,21.137833
40.0,29.732996
21.0,18.528877
23.0,28.644348
24.0,20.238935
24.0,22.524178
69.0,79.586914
51.0,43.58492
72.0,61.231537
74.0,82.63834
23.0,24.499023
57.0,55.262043
62.0,52.425694
26.0,20.947327
19.0,16.641525
63.0,61.441307
53.0,52.92673
47.0,27.674236
60.0,65.3939
45.0,52.359825
24.0,19.902014
24.0,26.299713
33.0,24.387203
24.0,16.6618
