Actual_Age,Predicted_Age
30.0,29.27308
25.0,20.589485
54.0,39.41917
63.0,52.638866
60.0,43.127136
57.0,56.7199
54.0,42.048214
60.0,64.53609
57.0,49.980106
29.0,33.66254
27.0,26.1684
60.0,74.2697
59.0,53.774803
75.0,70.240555
23.0,12.7148075
55.0,54.642956
59.0,49.607235
59.0,48.42929
48.0,43.535236
20.0,23.667225
68.0,63.74434
74.0,71.04183
64.0,66.45545
23.0,23.296644
55.0,49.093456
45.0,44.498516
61.0,50.00004
49.0,37.021194
20.0,17.274572
72.0,72.02641
19.0,18.928028
27.0,23.490479
34.0,29.346704
23.0,19.047905
26.0,33.859936
24.0,26.148209
60.0,48.670612
48.0,50.221714
24.0,26.251534
57.0,45.685467
32.0,33.599804
55.0,54.7446
48.0,41.010433
57.0,50.082462
62.0,56.35847
23.0,26.560625
35.0,40.758915
59.0,50.54833
42.0,49.0628
23.0,26.955692
61.0,56.54926
45.0,38.94106
42.0,44.643986
77.0,83.44718
50.0,33.832497
32.0,24.079926
19.0,21.698824
53.0,44.439075
77.0,76.02766
72.0,59.256077
63.0,59.90066
46.0,37.531902
40.0,49.248417
58.0,58.2037
23.0,19.486834
59.0,25.305656
24.0,30.854824
61.0,55.36764
21.0,23.330494
49.0,52.003788
24.0,21.466011
53.0,40.767418
42.0,36.892593
63.0,51.73773
61.0,58.645603
23.0,19.987259
40.0,32.525707
21.0,18.975441
23.0,30.974329
24.0,19.851835
24.0,24.685541
69.0,77.81451
51.0,43.694244
72.0,60.11069
74.0,76.668846
23.0,25.898169
57.0,53.51074
62.0,52.843296
26.0,23.818197
19.0,17.175085
63.0,59.753635
53.0,53.25336
47.0,29.325897
60.0,63.880547
45.0,53.0557
24.0,21.151941
24.0,26.912403
33.0,24.877344
24.0,19.542261
