Actual_Age,Predicted_Age
30.0,28.576113
25.0,24.61867
54.0,34.306915
63.0,60.672173
60.0,55.221905
57.0,57.632256
54.0,46.97248
60.0,58.97593
57.0,46.927658
29.0,32.03155
27.0,16.055792
60.0,57.469574
59.0,57.88472
75.0,75.262955
23.0,11.958492
55.0,68.89755
59.0,59.722
59.0,52.687008
48.0,46.3501
20.0,13.502867
68.0,79.65446
74.0,82.56529
64.0,67.227066
23.0,22.238579
55.0,51.141617
45.0,46.284405
61.0,56.295975
49.0,35.662994
20.0,16.201172
72.0,68.888176
19.0,17.374063
27.0,22.662754
34.0,26.524252
23.0,18.72974
26.0,25.330803
24.0,19.865675
60.0,43.280197
48.0,47.44308
24.0,24.007153
57.0,60.16638
32.0,24.194658
55.0,62.683937
48.0,37.144714
57.0,37.123524
62.0,56.616917
23.0,26.54755
35.0,43.362873
59.0,53.931046
42.0,51.660553
23.0,20.889101
61.0,55.45125
45.0,47.198143
42.0,47.750275
77.0,87.45902
50.0,41.751892
32.0,16.253395
19.0,24.406982
53.0,40.832367
77.0,74.07216
72.0,60.714924
63.0,68.686485
46.0,34.24919
40.0,50.013077
58.0,58.413887
23.0,12.906494
59.0,25.666647
24.0,19.417662
61.0,57.91234
21.0,18.901175
49.0,50.545948
24.0,20.09585
53.0,43.05237
42.0,37.803307
63.0,45.338203
61.0,53.349953
23.0,17.807877
40.0,30.538036
21.0,15.087744
23.0,31.482138
24.0,15.386492
24.0,19.961906
69.0,79.01578
51.0,43.884888
72.0,78.53966
74.0,80.717476
23.0,18.40624
57.0,61.794403
62.0,51.36145
26.0,24.771025
19.0,16.156012
63.0,61.54136
53.0,46.766846
47.0,33.696686
60.0,69.511185
45.0,50.351727
24.0,17.92646
24.0,20.168432
33.0,28.93001
24.0,22.424349
