Actual_Age,Predicted_Age
69.0,64.547874
68.0,47.34211
47.0,31.05219
55.0,30.704468
64.0,63.29469
23.0,21.566782
66.0,49.948315
78.0,66.94378
68.0,69.15345
85.0,68.43108
80.0,69.29417
70.0,54.752663
36.0,15.36996
79.0,64.468834
63.0,63.50818
28.0,16.09143
39.0,34.234295
60.0,38.611774
18.0,9.696849
75.0,44.193073
65.0,49.008812
44.0,30.21813
43.0,23.129618
42.0,23.8689
72.0,66.148094
40.0,27.112953
64.0,33.403687
56.0,55.843246
49.0,21.004858
45.0,28.40565
66.0,55.477512
83.0,57.152203
78.0,55.352962
84.0,65.964874
29.0,19.838142
51.0,24.280336
24.0,16.503086
80.0,59.777004
28.0,22.550943
76.0,57.93949
21.0,12.462235
70.0,63.243332
69.0,57.38054
69.0,63.23932
70.0,63.495697
32.0,18.643261
54.0,44.80196
27.0,14.509217
60.0,50.097816
79.0,72.21961
30.0,15.399666
73.0,70.83976
51.0,41.267105
45.0,40.645714
55.0,21.994364
63.0,70.62101
57.0,38.685844
37.0,25.71673
28.0,17.267374
50.0,26.568888
66.0,53.083466
80.0,64.35145
88.0,56.7746
37.0,22.622892
27.0,13.529983
80.0,76.24234
60.0,48.2587
49.0,33.0596
56.0,41.74198
32.0,19.172533
78.0,64.733246
67.0,58.552975
64.0,54.06391
33.0,25.222265
72.0,47.285156
35.0,15.6315775
73.0,57.374947
36.0,19.3374
52.0,28.106823
33.0,14.911435
54.0,21.236216
68.0,57.500237
56.0,38.55668
72.0,72.087204
36.0,20.822119
78.0,68.40925
52.0,33.691223
51.0,37.764977
41.0,13.713314
29.0,17.80979
39.0,33.2416
61.0,47.81443
61.0,47.289562
24.0,23.427628
25.0,20.479918
43.0,18.781439
60.0,54.548733
76.0,60.632076
36.0,27.57713
81.0,74.09525
43.0,19.47521
85.0,71.651215
34.0,15.842088
76.0,76.62263
48.0,38.05121
58.0,30.935286
30.0,18.93355
50.0,16.777496
58.0,47.03981
40.0,29.23458
87.0,61.03208
29.0,10.11324
83.0,75.32841
53.0,21.41516
78.0,64.42881
48.0,49.4776
84.0,83.3646
47.0,31.07775
61.0,53.203506
47.0,50.03489
40.0,25.426262
80.0,55.251823
62.0,34.363754
37.0,16.949692
69.0,58.163116
41.0,18.150719
23.0,10.172434
37.0,20.180914
28.0,13.446649
43.0,25.447691
45.0,22.34186
