Actual_Age,Predicted_Age
30.0,30.842293
25.0,15.441924
54.0,33.069763
63.0,59.45578
60.0,52.95842
57.0,45.808712
54.0,40.4879
60.0,66.792946
57.0,53.791367
29.0,29.81367
27.0,25.173235
60.0,58.23859
59.0,64.39453
75.0,76.16908
23.0,14.100559
55.0,51.22339
59.0,54.289715
59.0,43.958157
48.0,42.98305
20.0,22.276411
68.0,65.022736
74.0,79.82299
64.0,74.957825
23.0,17.86146
55.0,52.99372
45.0,51.746696
61.0,57.749454
49.0,36.080574
20.0,16.832874
72.0,79.57632
19.0,18.223204
27.0,22.455725
34.0,20.60557
23.0,21.976126
26.0,19.503687
24.0,18.831596
60.0,50.461662
48.0,51.937542
24.0,23.299383
57.0,54.40857
32.0,25.129725
55.0,54.267723
48.0,41.767273
57.0,34.196358
62.0,45.50929
23.0,26.486475
35.0,41.31695
59.0,59.56285
42.0,46.5776
23.0,23.109322
61.0,55.489174
45.0,44.98313
42.0,46.24801
77.0,90.263306
50.0,44.39469
32.0,18.993202
19.0,17.157911
53.0,37.739273
77.0,72.69444
72.0,58.44424
63.0,65.861855
46.0,34.467617
40.0,51.710655
58.0,50.061264
23.0,19.153576
59.0,26.76052
24.0,18.636116
61.0,62.694687
21.0,15.876273
49.0,45.39583
24.0,24.460005
53.0,43.49755
42.0,39.470074
63.0,54.5468
61.0,60.551292
23.0,16.195755
40.0,35.02294
21.0,15.124534
23.0,31.120977
24.0,17.019022
24.0,19.53264
69.0,77.797554
51.0,55.184494
72.0,79.89307
74.0,92.520004
23.0,21.683393
57.0,55.276283
62.0,45.931946
26.0,24.57874
19.0,12.546304
63.0,65.553825
53.0,43.60199
47.0,21.69081
60.0,76.67504
45.0,51.700386
24.0,21.36569
24.0,20.495592
33.0,26.213667
24.0,17.356653
