Actual_Age,Predicted_Age
69.0,65.137405
68.0,47.712387
47.0,32.592648
55.0,31.856852
64.0,64.20264
23.0,21.970972
66.0,52.652786
78.0,66.927315
68.0,69.31973
85.0,68.61564
80.0,71.61805
70.0,54.251583
36.0,14.367797
79.0,64.762436
63.0,63.826622
28.0,13.538099
39.0,35.285492
60.0,38.648746
18.0,9.223597
75.0,45.33642
65.0,49.850853
44.0,29.905458
43.0,24.076502
42.0,21.271513
72.0,67.527306
40.0,26.733515
64.0,32.615704
56.0,57.11704
49.0,20.03668
45.0,28.064833
66.0,56.77439
83.0,57.455482
78.0,55.56198
84.0,68.12275
29.0,19.83813
51.0,23.39229
24.0,15.429513
80.0,61.317432
28.0,21.566355
76.0,58.543076
21.0,11.105096
70.0,64.32218
69.0,55.759636
69.0,62.604332
70.0,64.22666
32.0,17.492182
54.0,45.511032
27.0,14.489114
60.0,52.104385
79.0,73.30821
30.0,11.332518
73.0,73.39823
51.0,42.440292
45.0,41.498405
55.0,22.364489
63.0,71.0415
57.0,38.611176
37.0,24.086657
28.0,15.698254
50.0,25.399681
66.0,53.450176
80.0,66.27433
88.0,57.000076
37.0,23.447279
27.0,12.112429
80.0,77.49049
60.0,49.325912
49.0,33.908226
56.0,42.448624
32.0,18.559282
78.0,67.44068
67.0,59.103058
64.0,54.801544
33.0,22.529514
72.0,49.51864
35.0,15.0885725
73.0,57.409348
36.0,20.226667
52.0,26.1752
33.0,13.609103
54.0,19.333254
68.0,58.59198
56.0,39.46871
72.0,71.19195
36.0,20.810137
78.0,68.06907
52.0,32.81376
51.0,38.490578
41.0,13.724452
29.0,15.815734
39.0,32.37433
61.0,48.06476
61.0,46.695026
24.0,19.131413
25.0,18.14285
43.0,18.093931
60.0,56.141006
76.0,61.007885
36.0,26.232973
81.0,73.32539
43.0,18.758963
85.0,71.23089
34.0,15.905311
76.0,76.31875
48.0,38.085888
58.0,31.487217
30.0,15.806419
50.0,16.76397
58.0,46.20875
40.0,28.284365
87.0,62.094166
29.0,9.814425
83.0,74.91182
53.0,20.70117
78.0,66.85647
48.0,50.26412
84.0,86.01916
47.0,30.537144
61.0,55.871277
47.0,50.571594
40.0,25.924875
80.0,55.66501
62.0,33.319572
37.0,17.887625
69.0,58.409855
41.0,17.781929
23.0,9.939174
37.0,19.633036
28.0,13.058928
43.0,22.074389
45.0,23.063671
