Actual_Age,Predicted_Age
69.0,56.180805
68.0,42.419987
47.0,36.155903
55.0,35.351833
64.0,59.06847
23.0,21.949787
66.0,47.523792
78.0,55.491
68.0,55.743553
85.0,69.05977
80.0,62.721214
70.0,52.745777
36.0,20.748978
79.0,63.410114
63.0,57.895542
28.0,22.197697
39.0,33.14079
60.0,31.791073
18.0,11.7253
75.0,44.899254
65.0,48.06748
44.0,34.860363
43.0,21.835297
42.0,26.880068
72.0,60.932217
40.0,19.43489
64.0,45.1405
56.0,42.28888
49.0,19.639631
45.0,31.98395
66.0,59.4316
83.0,56.063606
78.0,52.0928
84.0,69.87988
29.0,25.155436
51.0,38.519306
24.0,19.29393
80.0,58.929337
28.0,21.754578
76.0,57.47446
21.0,11.523359
70.0,62.30856
69.0,59.624676
69.0,50.2958
70.0,55.49104
32.0,19.77641
54.0,39.66074
27.0,12.357397
60.0,51.860313
79.0,63.22759
30.0,13.988621
73.0,60.00372
51.0,39.42882
45.0,35.88655
55.0,35.28564
63.0,59.681393
57.0,41.14393
37.0,22.817669
28.0,20.692104
50.0,29.472946
66.0,43.75478
80.0,65.5211
88.0,52.163948
37.0,21.888844
27.0,14.6084
80.0,59.651104
60.0,43.065083
49.0,38.10729
56.0,48.833233
32.0,24.67531
78.0,65.08216
67.0,50.610752
64.0,55.81557
33.0,20.871273
72.0,49.917004
35.0,20.929873
73.0,53.62218
36.0,24.357851
52.0,29.988167
33.0,15.606588
54.0,24.47734
68.0,51.56238
56.0,38.90064
72.0,51.029545
36.0,20.257841
78.0,69.68377
52.0,26.38636
51.0,40.990715
41.0,24.198977
29.0,17.445332
39.0,34.08921
61.0,52.059788
61.0,45.04045
24.0,20.474792
25.0,21.80566
43.0,27.846916
60.0,51.155014
76.0,57.674717
36.0,26.417091
81.0,69.03746
43.0,14.060474
85.0,51.346256
34.0,20.528566
76.0,60.439747
48.0,39.651943
58.0,42.94595
30.0,15.97658
50.0,19.128393
58.0,44.955288
40.0,23.544674
87.0,67.365585
29.0,12.217312
83.0,70.46116
53.0,26.669296
78.0,55.19299
48.0,41.220142
84.0,77.78202
47.0,33.265846
61.0,45.73142
47.0,47.428844
40.0,30.734861
80.0,47.23448
62.0,42.372337
37.0,19.537657
69.0,56.594418
41.0,21.456795
23.0,10.782726
37.0,26.689095
28.0,15.364998
43.0,26.333946
45.0,31.699883
