Actual_Age,Predicted_Age
30.0,26.90297
25.0,21.453339
54.0,35.51362
63.0,67.14695
60.0,59.879063
57.0,55.163776
54.0,48.49137
60.0,56.403255
57.0,57.216797
29.0,31.833443
27.0,23.933922
60.0,61.081554
59.0,60.301544
75.0,75.607285
23.0,17.747723
55.0,57.613903
59.0,62.293423
59.0,51.99756
48.0,41.694122
20.0,17.929047
68.0,76.62793
74.0,91.968735
64.0,69.79521
23.0,17.105186
55.0,55.997395
45.0,46.71928
61.0,61.726173
49.0,41.52578
20.0,19.227581
72.0,72.73318
19.0,21.625765
27.0,25.398201
34.0,25.180998
23.0,19.254852
26.0,22.37059
24.0,20.98528
60.0,52.839973
48.0,46.499878
24.0,23.012894
57.0,58.611954
32.0,31.185955
55.0,59.697624
48.0,40.951523
57.0,42.80818
62.0,49.868713
23.0,28.100971
35.0,45.418194
59.0,55.90119
42.0,52.77089
23.0,22.29491
61.0,58.686768
45.0,43.263786
42.0,51.432293
77.0,99.52673
50.0,43.35742
32.0,21.512318
19.0,27.773548
53.0,37.04574
77.0,70.22196
72.0,54.991776
63.0,81.584305
46.0,29.853733
40.0,51.07849
58.0,61.404144
23.0,20.375465
59.0,33.959206
24.0,18.66077
61.0,65.09012
21.0,18.26729
49.0,57.6127
24.0,17.513142
53.0,43.192703
42.0,37.77343
63.0,52.52001
61.0,64.1032
23.0,19.876984
40.0,34.672997
21.0,18.417103
23.0,27.664463
24.0,25.86375
24.0,21.143745
69.0,84.97205
51.0,57.946003
72.0,83.94948
74.0,98.82945
23.0,28.266348
57.0,66.12622
62.0,64.450226
26.0,23.950037
19.0,17.128288
63.0,61.533394
53.0,50.597008
47.0,31.17334
60.0,72.336334
45.0,52.819977
24.0,22.196415
24.0,23.361416
33.0,23.798275
24.0,17.051205
