Actual_Age,Predicted_Age
69.0,67.729095
68.0,60.718582
47.0,45.584167
55.0,44.848663
64.0,60.22999
23.0,25.568974
66.0,66.15169
78.0,68.096855
68.0,79.158134
85.0,75.68538
80.0,73.06143
70.0,60.764015
36.0,22.481602
79.0,64.37186
63.0,68.28587
28.0,14.867466
39.0,48.509315
60.0,33.6301
18.0,11.134638
75.0,52.50876
65.0,68.52088
44.0,35.556328
43.0,42.633923
42.0,25.374104
72.0,72.109375
40.0,34.3514
64.0,50.869568
56.0,53.27301
49.0,35.16973
45.0,41.813953
66.0,71.11737
83.0,87.836365
78.0,73.942
84.0,70.24649
29.0,22.469002
51.0,29.267204
24.0,17.87551
80.0,66.06969
28.0,23.409813
76.0,71.40953
21.0,8.01789
70.0,60.0318
69.0,67.10629
69.0,69.198654
70.0,70.70558
32.0,22.210331
54.0,57.72197
27.0,17.913385
60.0,62.88732
79.0,71.03929
30.0,9.872421
73.0,77.138565
51.0,45.984436
45.0,47.43039
55.0,34.188557
63.0,62.657753
57.0,59.98537
37.0,28.159832
28.0,18.942883
50.0,39.14839
66.0,58.215034
80.0,78.86946
88.0,68.7901
37.0,41.142662
27.0,9.154882
80.0,77.320335
60.0,58.36715
49.0,45.69896
56.0,53.472355
32.0,22.453629
78.0,89.326584
67.0,49.55001
64.0,57.11528
33.0,13.583975
72.0,59.901794
35.0,24.20266
73.0,68.23115
36.0,35.16201
52.0,21.526545
33.0,13.329262
54.0,27.013475
68.0,65.573
56.0,50.95803
72.0,69.7245
36.0,31.300262
78.0,71.14703
52.0,25.664211
51.0,41.266205
41.0,19.538578
29.0,11.620178
39.0,30.453133
61.0,46.902206
61.0,53.93463
24.0,12.4324875
25.0,12.119392
43.0,26.938675
60.0,60.15077
76.0,61.344
36.0,26.562181
81.0,75.76247
43.0,25.607288
85.0,75.25467
34.0,28.954819
76.0,72.82321
48.0,50.52407
58.0,37.960033
30.0,16.81822
50.0,31.85849
58.0,56.03939
40.0,36.84299
87.0,67.589615
29.0,16.387615
83.0,78.61374
53.0,25.675198
78.0,72.40542
48.0,55.415257
84.0,88.27351
47.0,30.988663
61.0,55.587753
47.0,52.435005
40.0,39.69778
80.0,77.415825
62.0,39.93941
37.0,23.849373
69.0,56.427383
41.0,23.9805
23.0,16.367832
37.0,35.21768
28.0,12.395075
43.0,23.693665
45.0,36.621525
