Actual_Age,Predicted_Age
30.0,46.30079
25.0,21.820385
54.0,55.015976
63.0,55.027473
60.0,55.11641
57.0,56.202362
54.0,45.871902
60.0,63.42238
57.0,54.98414
29.0,40.011597
27.0,28.524467
60.0,55.969955
59.0,71.1784
75.0,64.18491
23.0,18.7515
55.0,55.24227
59.0,55.466415
59.0,46.010498
48.0,51.527725
20.0,23.216722
68.0,60.35604
74.0,75.52785
64.0,65.27152
23.0,25.684004
55.0,61.483734
45.0,55.017517
61.0,62.375008
49.0,46.47387
20.0,23.038176
72.0,71.63267
19.0,27.497438
27.0,29.966455
34.0,39.84529
23.0,29.358015
26.0,29.620337
24.0,25.870028
60.0,52.382767
48.0,53.92334
24.0,37.1716
57.0,56.03875
32.0,32.207558
55.0,55.04149
48.0,43.204666
57.0,46.742805
62.0,57.30757
23.0,35.967415
35.0,51.174194
59.0,62.23696
42.0,58.64044
23.0,38.908554
61.0,61.64808
45.0,47.11843
42.0,52.02822
77.0,70.33423
50.0,48.27816
32.0,21.2769
19.0,23.98806
53.0,44.8948
77.0,67.78246
72.0,63.951332
63.0,64.075294
46.0,35.95916
40.0,50.70417
58.0,53.4617
23.0,22.129662
59.0,38.872887
24.0,23.035583
61.0,58.120262
21.0,25.104303
49.0,54.029274
24.0,25.61399
53.0,48.46006
42.0,42.99991
63.0,51.091766
61.0,62.54374
23.0,23.418535
40.0,36.969177
21.0,22.392908
23.0,42.430435
24.0,21.650059
24.0,23.563929
69.0,64.086494
51.0,53.9974
72.0,76.08433
74.0,74.69113
23.0,29.531427
57.0,60.41057
62.0,54.19075
26.0,28.572966
19.0,22.187376
63.0,60.610664
53.0,49.369057
47.0,46.79162
60.0,62.02469
45.0,50.061607
24.0,26.368914
24.0,23.87148
33.0,33.55124
24.0,25.33343
