Actual_Age,Predicted_Age
69.0,67.76615
68.0,69.74649
47.0,47.111298
55.0,46.481186
64.0,64.888
23.0,31.034687
66.0,61.464516
78.0,68.715805
68.0,75.58096
85.0,70.25792
80.0,73.9834
70.0,62.239693
36.0,26.657999
79.0,64.48705
63.0,66.7636
28.0,25.868671
39.0,50.528053
60.0,55.34059
18.0,21.840496
75.0,54.431046
65.0,61.564163
44.0,42.24111
43.0,45.750328
42.0,30.951612
72.0,71.613144
40.0,41.949783
64.0,55.395058
56.0,59.355812
49.0,44.98999
45.0,44.68898
66.0,65.69253
83.0,81.18781
78.0,73.06627
84.0,70.85113
29.0,30.1458
51.0,41.06775
24.0,25.211363
80.0,66.43019
28.0,28.97109
76.0,63.993027
21.0,17.800756
70.0,58.9438
69.0,62.75656
69.0,64.27729
70.0,71.44144
32.0,30.099092
54.0,57.492714
27.0,25.300346
60.0,63.36631
79.0,70.465256
30.0,22.17972
73.0,75.23352
51.0,55.976875
45.0,52.21595
55.0,47.63604
63.0,61.110886
57.0,64.6243
37.0,41.55359
28.0,27.839857
50.0,44.128433
66.0,59.12828
80.0,77.80672
88.0,72.9644
37.0,42.797546
27.0,21.456903
80.0,68.81134
60.0,59.339195
49.0,45.382645
56.0,49.900528
32.0,34.913284
78.0,84.68373
67.0,60.519897
64.0,64.22298
33.0,24.182138
72.0,62.09967
35.0,46.108063
73.0,69.399895
36.0,38.149895
52.0,32.54207
33.0,24.995487
54.0,37.235237
68.0,66.317986
56.0,53.539513
72.0,67.84548
36.0,45.078827
78.0,68.41623
52.0,41.064003
51.0,53.585938
41.0,30.52717
29.0,22.481329
39.0,41.0634
61.0,59.169334
61.0,54.21425
24.0,20.364119
25.0,24.574759
43.0,36.717308
60.0,61.754395
76.0,62.80909
36.0,33.85334
81.0,68.7139
43.0,29.147387
85.0,74.23233
34.0,33.61487
76.0,74.48489
48.0,59.91462
58.0,53.673386
30.0,25.899542
50.0,33.00901
58.0,54.252037
40.0,41.624886
87.0,64.004875
29.0,25.232294
83.0,75.32057
53.0,38.51828
78.0,69.46215
48.0,56.90467
84.0,81.65675
47.0,40.745216
61.0,53.49456
47.0,54.577377
40.0,45.42904
80.0,78.910324
62.0,54.512375
37.0,31.821524
69.0,57.6706
41.0,33.724426
23.0,24.022688
37.0,40.93167
28.0,23.178534
43.0,37.71109
45.0,40.33056
