Actual_Age,Predicted_Age
69.0,67.41403
68.0,56.245438
47.0,48.594116
55.0,48.489742
64.0,61.61412
23.0,31.292822
66.0,67.42601
78.0,68.70363
68.0,75.6723
85.0,74.603485
80.0,73.59105
70.0,61.713116
36.0,26.914148
79.0,65.18175
63.0,67.53934
28.0,18.76748
39.0,52.83372
60.0,41.00152
18.0,13.107992
75.0,57.181793
65.0,69.9202
44.0,43.12748
43.0,48.04194
42.0,30.73451
72.0,70.68631
40.0,40.60593
64.0,56.397427
56.0,53.70121
49.0,43.990753
45.0,45.68512
66.0,71.23169
83.0,86.86003
78.0,71.48816
84.0,73.4778
29.0,28.69147
51.0,35.708454
24.0,22.186651
80.0,67.62873
28.0,29.302588
76.0,70.20759
21.0,10.22928
70.0,64.17958
69.0,69.29885
69.0,70.835236
70.0,69.514
32.0,28.356112
54.0,58.324333
27.0,23.436552
60.0,63.14489
79.0,70.4919
30.0,13.925812
73.0,75.546616
51.0,50.374508
45.0,51.717278
55.0,42.235565
63.0,64.041176
57.0,58.044994
37.0,33.47545
28.0,25.346745
50.0,45.44075
66.0,59.539375
80.0,78.49846
88.0,66.52739
37.0,46.13935
27.0,12.40526
80.0,77.70498
60.0,57.776794
49.0,51.879623
56.0,56.533897
32.0,28.730589
78.0,86.99476
67.0,49.003345
64.0,57.827904
33.0,17.171284
72.0,61.657974
35.0,30.434948
73.0,66.97811
36.0,37.50878
52.0,27.02159
33.0,16.619553
54.0,33.00439
68.0,65.50427
56.0,53.21535
72.0,69.97858
36.0,39.094383
78.0,72.45863
52.0,30.995352
51.0,44.67714
41.0,24.587889
29.0,14.444574
39.0,37.00849
61.0,55.6832
61.0,57.145462
24.0,16.487057
25.0,15.720295
43.0,32.913612
60.0,64.24021
76.0,60.53579
36.0,32.383827
81.0,77.03016
43.0,30.830866
85.0,73.789375
34.0,34.601715
76.0,70.96913
48.0,50.656067
58.0,43.502804
30.0,20.625038
50.0,39.495705
58.0,56.352287
40.0,43.409195
87.0,69.46445
29.0,22.714584
83.0,77.86351
53.0,32.98374
78.0,70.635956
48.0,54.650513
84.0,86.88457
47.0,37.070816
61.0,55.366974
47.0,56.88386
40.0,45.011417
80.0,74.70591
62.0,44.255547
37.0,29.18632
69.0,56.081512
41.0,31.233416
23.0,21.854864
37.0,41.765987
28.0,16.790047
43.0,29.252157
45.0,39.327328
