Silo,Max Epochs,Test MAE
CamCAN,200,5.6683062553405765
SALD,200,10.068408966064453
eNKI,200,4.739936453955514
