Silo,Max Epochs,Test MAE
CamCAN,200,5.941466617584228
SALD,200,6.563049674034119
eNKI,200,4.8514412471226285
