Actual_Age,Predicted_Age
30.0,29.753448
25.0,17.06225
54.0,46.6753
63.0,52.3897
60.0,60.071465
57.0,55.50805
54.0,45.938614
60.0,68.668816
57.0,46.483994
29.0,36.854057
27.0,24.175297
60.0,55.359478
59.0,67.77532
75.0,82.46473
23.0,9.656981
55.0,55.29132
59.0,58.034557
59.0,46.746727
48.0,51.327656
20.0,13.150958
68.0,66.95699
74.0,87.471596
64.0,60.06534
23.0,19.429405
55.0,69.85232
45.0,41.439907
61.0,65.45309
49.0,49.076767
20.0,16.582794
72.0,70.26534
19.0,19.137188
27.0,23.661818
34.0,25.02886
23.0,20.348194
26.0,26.302807
24.0,25.839205
60.0,44.266335
48.0,56.790276
24.0,24.50208
57.0,53.442375
32.0,26.029028
55.0,52.81993
48.0,42.45108
57.0,39.402805
62.0,62.890495
23.0,23.227127
35.0,48.24506
59.0,58.865753
42.0,55.37434
23.0,26.81931
61.0,60.01368
45.0,52.186012
42.0,52.09861
77.0,83.193474
50.0,45.41614
32.0,13.3138895
19.0,16.294634
53.0,40.359463
77.0,66.22234
72.0,55.81414
63.0,72.93186
46.0,33.22527
40.0,48.388306
58.0,62.64837
23.0,12.663026
59.0,30.743546
24.0,24.165293
61.0,56.138683
21.0,16.738565
49.0,55.829
24.0,13.806039
53.0,42.352493
42.0,42.25932
63.0,55.89508
61.0,61.292126
23.0,13.830448
40.0,41.478382
21.0,10.63271
23.0,41.23262
24.0,11.976855
24.0,26.602648
69.0,72.94239
51.0,56.992462
72.0,74.780785
74.0,87.59598
23.0,21.007858
57.0,62.150497
62.0,54.96859
26.0,24.522776
19.0,11.611832
63.0,67.60357
53.0,55.20704
47.0,26.666893
60.0,69.80032
45.0,41.116062
24.0,18.162895
24.0,19.525295
33.0,28.124077
24.0,21.031126
