Actual_Age,Predicted_Age
30.0,30.117037
25.0,14.134289
54.0,46.513325
63.0,53.98066
60.0,60.841213
57.0,56.561153
54.0,46.532192
60.0,71.100716
57.0,47.90539
29.0,36.598934
27.0,22.452354
60.0,57.22244
59.0,73.68893
75.0,84.156334
23.0,9.425988
55.0,57.16448
59.0,60.13638
59.0,47.24558
48.0,52.55763
20.0,11.644817
68.0,68.553764
74.0,91.79327
64.0,61.762596
23.0,17.384855
55.0,75.79772
45.0,43.195805
61.0,69.00602
49.0,49.436283
20.0,15.547583
72.0,75.102165
19.0,17.784788
27.0,22.460564
34.0,23.877125
23.0,19.012716
26.0,24.317417
24.0,25.100927
60.0,44.655323
48.0,56.392952
24.0,23.38087
57.0,53.00278
32.0,25.135849
55.0,55.368347
48.0,42.753452
57.0,40.99442
62.0,63.711567
23.0,20.34019
35.0,50.644318
59.0,65.37861
42.0,58.144073
23.0,25.232346
61.0,62.923943
45.0,53.132275
42.0,51.959072
77.0,85.58931
50.0,45.49872
32.0,12.690124
19.0,14.417486
53.0,39.370136
77.0,68.92675
72.0,56.317738
63.0,75.71928
46.0,32.637497
40.0,50.326694
58.0,62.61873
23.0,11.254444
59.0,27.575672
24.0,22.659397
61.0,57.578728
21.0,16.176117
49.0,58.07885
24.0,11.329075
53.0,42.514133
42.0,43.855488
63.0,56.546627
61.0,64.31765
23.0,12.357874
40.0,41.932407
21.0,10.000564
23.0,41.473595
24.0,11.090689
24.0,25.861046
69.0,73.83491
51.0,57.122204
72.0,83.60344
74.0,91.525536
23.0,18.876474
57.0,63.632927
62.0,56.57648
26.0,22.863968
19.0,10.759482
63.0,71.36205
53.0,56.04522
47.0,26.453495
60.0,71.4452
45.0,40.491802
24.0,15.281271
24.0,17.209343
33.0,27.329407
24.0,20.113113
