Actual_Age,Predicted_Age
69.0,65.95911
68.0,59.641747
47.0,36.2144
55.0,42.22587
64.0,57.210663
23.0,23.018291
66.0,58.741127
78.0,70.61226
68.0,69.21246
85.0,76.802124
80.0,74.4888
70.0,61.874405
36.0,22.237389
79.0,65.90289
63.0,65.29577
28.0,20.325699
39.0,50.88992
60.0,51.728554
18.0,16.788921
75.0,55.365494
65.0,63.00336
44.0,42.981327
43.0,35.20314
42.0,35.324684
72.0,68.68439
40.0,35.99377
64.0,55.83662
56.0,55.28411
49.0,38.88584
45.0,44.701477
66.0,63.771065
83.0,72.26997
78.0,61.718506
84.0,72.432884
29.0,29.845253
51.0,40.35226
24.0,22.55632
80.0,68.19975
28.0,23.634674
76.0,58.04943
21.0,17.209312
70.0,63.662113
69.0,59.75904
69.0,62.884415
70.0,66.56395
32.0,20.784191
54.0,48.973328
27.0,18.324165
60.0,61.70441
79.0,71.76083
30.0,21.013279
73.0,72.07646
51.0,46.500732
45.0,43.985504
55.0,42.420807
63.0,62.911552
57.0,57.671284
37.0,29.493382
28.0,23.953224
50.0,42.75445
66.0,52.671207
80.0,71.01784
88.0,67.89317
37.0,30.48315
27.0,17.573864
80.0,70.138405
60.0,59.44729
49.0,39.142174
56.0,49.80315
32.0,23.747295
78.0,73.72216
67.0,56.181866
64.0,64.99127
33.0,22.368706
72.0,53.905334
35.0,30.02715
73.0,64.07002
36.0,33.60601
52.0,28.841583
33.0,20.988132
54.0,30.80331
68.0,57.689682
56.0,45.522438
72.0,63.710915
36.0,28.337234
78.0,71.76052
52.0,30.063065
51.0,44.818176
41.0,24.50282
29.0,20.352772
39.0,33.428787
61.0,60.963688
61.0,55.671574
24.0,20.63039
25.0,20.645332
43.0,29.426907
60.0,68.6725
76.0,60.333344
36.0,29.24049
81.0,69.981346
43.0,32.13193
85.0,73.445
34.0,25.04813
76.0,71.947525
48.0,50.20419
58.0,41.766193
30.0,22.73093
50.0,26.709381
58.0,48.216854
40.0,31.032433
87.0,70.138824
29.0,19.707546
83.0,70.67373
53.0,33.044865
78.0,65.65572
48.0,45.945343
84.0,76.821754
47.0,34.22679
61.0,49.472595
47.0,53.609337
40.0,37.561287
80.0,75.57187
62.0,50.65702
37.0,26.95715
69.0,53.034714
41.0,28.287682
23.0,18.03899
37.0,38.584694
28.0,19.997208
43.0,33.209297
45.0,36.802963
