Actual_Age,Predicted_Age
30.0,40.48423
25.0,16.422596
54.0,59.008503
63.0,58.008423
60.0,57.600655
57.0,55.5981
54.0,52.43554
60.0,69.952805
57.0,52.933933
29.0,34.86474
27.0,25.940186
60.0,57.468674
59.0,70.0119
75.0,74.3143
23.0,16.535362
55.0,59.102608
59.0,58.668373
59.0,52.326157
48.0,40.761414
20.0,18.058746
68.0,68.436806
74.0,80.76117
64.0,70.99559
23.0,22.576206
55.0,68.66234
45.0,47.656082
61.0,61.641476
49.0,46.142193
20.0,21.264286
72.0,76.212296
19.0,19.222488
27.0,24.633705
34.0,43.552032
23.0,20.10374
26.0,27.823627
24.0,28.166615
60.0,50.968338
48.0,57.051437
24.0,27.253239
57.0,62.067974
32.0,21.976929
55.0,57.78496
48.0,39.875107
57.0,49.13943
62.0,64.778786
23.0,30.86565
35.0,46.399178
59.0,64.4348
42.0,52.134075
23.0,22.922886
61.0,64.91782
45.0,52.55597
42.0,57.779526
77.0,77.600555
50.0,46.002674
32.0,24.037743
19.0,20.538021
53.0,45.118053
77.0,75.15851
72.0,73.836975
63.0,72.090935
46.0,31.051544
40.0,39.9262
58.0,60.64782
23.0,20.46474
59.0,35.96411
24.0,22.14143
61.0,61.75682
21.0,22.393333
49.0,53.899445
24.0,21.930824
53.0,53.428013
42.0,33.88536
63.0,54.195724
61.0,59.778194
23.0,19.08004
40.0,39.14099
21.0,21.836823
23.0,37.45527
24.0,17.97208
24.0,22.180283
69.0,72.26304
51.0,48.80561
72.0,79.32504
74.0,77.81591
23.0,31.384926
57.0,62.470222
62.0,55.838833
26.0,28.314964
19.0,19.793457
63.0,61.951385
53.0,46.49568
47.0,37.335495
60.0,64.24496
45.0,56.216644
24.0,19.309605
24.0,25.531387
33.0,23.302616
24.0,22.428383
