Actual_Age,Predicted_Age
30.0,49.392685
25.0,21.127945
54.0,62.276104
63.0,58.809387
60.0,58.205673
57.0,55.266235
54.0,49.61887
60.0,69.52288
57.0,59.415874
29.0,41.22816
27.0,30.772236
60.0,57.104046
59.0,73.13517
75.0,68.70681
23.0,17.58904
55.0,59.90736
59.0,57.038956
59.0,50.71844
48.0,53.790356
20.0,24.037151
68.0,65.50358
74.0,76.3191
64.0,70.456856
23.0,27.028267
55.0,66.72683
45.0,58.234715
61.0,65.20264
49.0,48.28283
20.0,23.61377
72.0,75.43233
19.0,25.498146
27.0,29.95931
34.0,44.592014
23.0,31.161684
26.0,29.287111
24.0,25.940098
60.0,55.829815
48.0,57.311325
24.0,40.24159
57.0,61.85003
32.0,32.285297
55.0,59.221703
48.0,45.710094
57.0,48.477695
62.0,61.60445
23.0,34.859886
35.0,52.75468
59.0,65.05588
42.0,61.652287
23.0,44.91457
61.0,66.35331
45.0,49.52512
42.0,54.280605
77.0,73.44471
50.0,51.07919
32.0,21.279709
19.0,25.112144
53.0,48.238087
77.0,71.44355
72.0,69.50048
63.0,69.6916
46.0,38.824627
40.0,52.00503
58.0,58.088207
23.0,21.718063
59.0,43.02476
24.0,21.997787
61.0,62.16587
21.0,25.2388
49.0,58.789864
24.0,27.827238
53.0,51.63261
42.0,44.280098
63.0,54.80676
61.0,66.99594
23.0,23.590351
40.0,38.765347
21.0,21.41863
23.0,46.029835
24.0,20.79284
24.0,21.764912
69.0,69.5169
51.0,55.38232
72.0,77.81971
74.0,78.29458
23.0,28.82766
57.0,64.18481
62.0,56.931705
26.0,28.96067
19.0,21.627716
63.0,63.182404
53.0,52.13592
47.0,50.741467
60.0,64.87588
45.0,53.5388
24.0,27.126648
24.0,25.056026
33.0,34.37261
24.0,25.932217
