Actual_Age,Predicted_Age
30.0,30.713251
25.0,17.849176
54.0,48.17889
63.0,51.599865
60.0,59.474842
57.0,52.69625
54.0,44.443012
60.0,69.1558
57.0,45.651867
29.0,37.5339
27.0,27.025291
60.0,54.896946
59.0,67.81825
75.0,80.116516
23.0,11.41232
55.0,54.269543
59.0,57.043278
59.0,46.009182
48.0,50.52242
20.0,14.354408
68.0,67.2318
74.0,84.317245
64.0,59.768627
23.0,21.612545
55.0,70.68272
45.0,40.882893
61.0,63.752655
49.0,48.314312
20.0,19.73981
72.0,70.4071
19.0,21.239384
27.0,23.664192
34.0,27.202087
23.0,21.131348
26.0,26.566862
24.0,26.597698
60.0,44.23756
48.0,57.101246
24.0,25.519066
57.0,52.56429
32.0,26.26211
55.0,52.876648
48.0,42.26381
57.0,39.973217
62.0,62.57282
23.0,24.924797
35.0,47.32401
59.0,59.0562
42.0,55.1338
23.0,27.806984
61.0,59.71529
45.0,53.30535
42.0,52.659874
77.0,80.97448
50.0,45.106388
32.0,14.936421
19.0,17.580578
53.0,41.01397
77.0,65.19187
72.0,58.348988
63.0,73.04504
46.0,32.729897
40.0,47.085606
58.0,62.4425
23.0,13.222075
59.0,31.495361
24.0,24.496445
61.0,55.79159
21.0,19.111055
49.0,56.425987
24.0,16.218746
53.0,43.046276
42.0,42.3452
63.0,55.055325
61.0,59.806248
23.0,15.41499
40.0,41.193928
21.0,11.931717
23.0,41.850307
24.0,13.162156
24.0,26.563978
69.0,72.18942
51.0,55.864178
72.0,74.303795
74.0,84.68048
23.0,22.111877
57.0,60.116787
62.0,54.07455
26.0,24.242184
19.0,12.827622
63.0,67.18953
53.0,54.432186
47.0,29.280165
60.0,67.86786
45.0,41.85523
24.0,19.959179
24.0,21.330175
33.0,28.426369
24.0,22.281723
