Actual_Age,Predicted_Age
30.0,29.843433
25.0,18.81066
54.0,47.14203
63.0,51.30113
60.0,59.198757
57.0,53.85563
54.0,44.968754
60.0,67.56729
57.0,45.135708
29.0,37.17938
27.0,26.307083
60.0,54.1275
59.0,65.53735
75.0,80.414566
23.0,10.939963
55.0,53.7195
59.0,56.608654
59.0,45.90743
48.0,50.359715
20.0,14.652319
68.0,66.27872
74.0,84.52966
64.0,58.968163
23.0,21.17017
55.0,68.376755
45.0,40.503193
61.0,63.52078
49.0,48.255585
20.0,18.53291
72.0,68.52656
19.0,20.733528
27.0,24.140778
34.0,26.45515
23.0,20.985512
26.0,27.135288
24.0,26.22469
60.0,44.00947
48.0,56.87595
24.0,25.47904
57.0,52.97302
32.0,26.414848
55.0,51.800297
48.0,42.128254
57.0,38.81636
62.0,62.424404
23.0,25.004948
35.0,46.866753
59.0,56.561474
42.0,54.066982
23.0,27.732653
61.0,58.70142
45.0,52.050762
42.0,51.994637
77.0,81.12433
50.0,44.947857
32.0,14.124581
19.0,17.679998
53.0,40.64618
77.0,64.395966
72.0,56.43523
63.0,71.78727
46.0,33.139523
40.0,46.80162
58.0,62.466057
23.0,13.390019
59.0,32.67429
24.0,24.838295
61.0,55.171825
21.0,18.227917
49.0,55.084324
24.0,15.932363
53.0,42.266994
42.0,41.31512
63.0,55.1283
61.0,59.332443
23.0,15.353725
40.0,41.10153
21.0,11.680007
23.0,41.324192
24.0,12.8140135
24.0,26.869488
69.0,72.11838
51.0,56.19035
72.0,71.96438
74.0,85.03225
23.0,22.468021
57.0,60.665337
62.0,53.69925
26.0,24.998318
19.0,12.375317
63.0,65.68737
53.0,54.425846
47.0,27.78492
60.0,68.29905
45.0,41.367477
24.0,20.397419
24.0,20.983782
33.0,28.457659
24.0,21.927341
