Actual_Age,Predicted_Age
69.0,61.76884
68.0,49.711254
47.0,40.653805
55.0,42.326656
64.0,55.774387
23.0,28.232628
66.0,60.79722
78.0,62.836414
68.0,70.64716
85.0,70.3506
80.0,68.88455
70.0,54.620266
36.0,24.820679
79.0,61.19685
63.0,64.4128
28.0,18.30309
39.0,41.254246
60.0,31.911049
18.0,11.362748
75.0,51.318604
65.0,64.91791
44.0,36.709057
43.0,36.31811
42.0,29.78693
72.0,66.33008
40.0,34.574528
64.0,49.889156
56.0,48.445244
49.0,34.346424
45.0,39.764076
66.0,67.252014
83.0,80.339386
78.0,64.75158
84.0,70.09337
29.0,22.404633
51.0,29.971577
24.0,20.23486
80.0,61.217175
28.0,26.028131
76.0,64.87704
21.0,10.476583
70.0,59.789608
69.0,62.16996
69.0,63.84726
70.0,63.754406
32.0,22.461395
54.0,52.230644
27.0,15.942546
60.0,56.91605
79.0,67.41713
30.0,12.742748
73.0,68.545685
51.0,42.39059
45.0,42.723476
55.0,31.593975
63.0,56.58836
57.0,48.016174
37.0,30.487223
28.0,19.54496
50.0,36.14972
66.0,50.742878
80.0,72.588974
88.0,59.85167
37.0,39.522984
27.0,10.780176
80.0,75.674255
60.0,48.569057
49.0,41.737698
56.0,53.868973
32.0,19.464872
78.0,82.86455
67.0,42.066296
64.0,51.861233
33.0,17.073116
72.0,55.242702
35.0,25.170475
73.0,59.976376
36.0,31.037453
52.0,24.837112
33.0,13.973485
54.0,29.177359
68.0,56.80267
56.0,42.492485
72.0,64.05028
36.0,25.874733
78.0,67.16183
52.0,26.928856
51.0,35.813354
41.0,19.247087
29.0,16.258987
39.0,30.394562
61.0,49.304817
61.0,49.563587
24.0,18.658825
25.0,15.2429085
43.0,24.968414
60.0,57.613857
76.0,54.4671
36.0,29.366808
81.0,77.34597
43.0,26.960592
85.0,67.88513
34.0,24.321918
76.0,63.714962
48.0,43.185276
58.0,35.77571
30.0,19.83813
50.0,28.313984
58.0,49.79913
40.0,31.294107
87.0,63.96576
29.0,13.983954
83.0,73.740265
53.0,26.649075
78.0,67.94884
48.0,48.206463
84.0,83.89372
47.0,29.17197
61.0,52.180317
47.0,52.226406
40.0,36.91264
80.0,67.09044
62.0,35.68717
37.0,20.688871
69.0,50.480984
41.0,23.014927
23.0,13.806636
37.0,32.814346
28.0,12.416083
43.0,26.623613
45.0,32.44797
