Actual_Age,Predicted_Age
30.0,37.33634
25.0,13.502129
54.0,40.171852
63.0,55.135803
60.0,49.866875
57.0,54.629967
54.0,48.950653
60.0,62.512688
57.0,52.645195
29.0,33.5455
27.0,18.11203
60.0,57.715744
59.0,60.97712
75.0,71.301895
23.0,12.613998
55.0,54.61068
59.0,55.625618
59.0,41.0195
48.0,50.51275
20.0,15.967405
68.0,58.89804
74.0,73.679794
64.0,56.513107
23.0,17.062584
55.0,55.9438
45.0,50.415146
61.0,53.63887
49.0,40.504997
20.0,12.684401
72.0,68.42034
19.0,17.881382
27.0,22.701916
34.0,21.703817
23.0,20.078463
26.0,24.38645
24.0,26.07598
60.0,45.72336
48.0,37.836678
24.0,19.299006
57.0,51.069077
32.0,24.469503
55.0,50.140976
48.0,37.4116
57.0,45.728752
62.0,56.54825
23.0,18.722404
35.0,42.63504
59.0,65.5049
42.0,56.735947
23.0,23.258535
61.0,60.954445
45.0,38.141693
42.0,42.62226
77.0,76.73458
50.0,38.07351
32.0,14.100723
19.0,15.8270855
53.0,34.086754
77.0,64.898445
72.0,45.529984
63.0,65.265785
46.0,33.982964
40.0,50.02957
58.0,52.37304
23.0,17.829172
59.0,21.4397
24.0,18.838694
61.0,53.84262
21.0,20.785301
49.0,49.764343
24.0,16.4118
53.0,37.870964
42.0,39.157974
63.0,49.27205
61.0,59.90486
23.0,16.81683
40.0,35.66471
21.0,16.684742
23.0,34.405952
24.0,12.489559
24.0,20.802984
69.0,60.981323
51.0,51.8366
72.0,75.49476
74.0,81.956635
23.0,17.867353
57.0,57.346947
62.0,53.942703
26.0,19.591623
19.0,13.100367
63.0,58.662804
53.0,49.05494
47.0,25.336924
60.0,62.373535
45.0,42.987785
24.0,14.346551
24.0,12.44394
33.0,21.532875
24.0,17.380724
