Actual_Age,Predicted_Age
69.0,55.761734
68.0,49.057247
47.0,41.794487
55.0,39.662933
64.0,57.61248
23.0,24.41747
66.0,50.45495
78.0,57.831135
68.0,58.473587
85.0,64.909195
80.0,65.48945
70.0,55.24246
36.0,23.170477
79.0,60.70656
63.0,56.3826
28.0,22.686878
39.0,40.183514
60.0,38.668884
18.0,11.1546135
75.0,47.20929
65.0,52.841003
44.0,37.099064
43.0,32.984676
42.0,27.430069
72.0,62.53969
40.0,22.177418
64.0,46.171852
56.0,45.572247
49.0,27.0638
45.0,38.11032
66.0,61.387035
83.0,64.426
78.0,56.31038
84.0,68.15163
29.0,29.121372
51.0,41.79592
24.0,17.185173
80.0,57.986794
28.0,22.358326
76.0,57.138702
21.0,10.789551
70.0,62.485004
69.0,59.98329
69.0,51.43162
70.0,56.352592
32.0,22.033848
54.0,43.932426
27.0,20.839567
60.0,55.869884
79.0,63.592045
30.0,12.09332
73.0,60.61882
51.0,44.074738
45.0,40.40199
55.0,38.723972
63.0,58.340893
57.0,47.328373
37.0,25.749271
28.0,21.30506
50.0,34.493053
66.0,48.95329
80.0,67.520584
88.0,58.566174
37.0,26.065014
27.0,13.422943
80.0,57.756996
60.0,45.82732
49.0,42.378555
56.0,47.73711
32.0,29.281277
78.0,69.478195
67.0,51.835846
64.0,56.291058
33.0,17.922657
72.0,51.730515
35.0,25.881138
73.0,58.278008
36.0,29.058655
52.0,27.473381
33.0,15.654767
54.0,26.721024
68.0,53.98358
56.0,42.557854
72.0,53.063972
36.0,29.420849
78.0,66.56751
52.0,29.73167
51.0,45.5642
41.0,27.470116
29.0,16.088266
39.0,35.92507
61.0,50.98478
61.0,49.70945
24.0,16.908438
25.0,20.177055
43.0,31.61173
60.0,53.826458
76.0,57.7304
36.0,30.212341
81.0,64.17213
43.0,19.279236
85.0,54.983154
34.0,27.426802
76.0,61.66273
48.0,45.052155
58.0,46.84841
30.0,16.665987
50.0,26.050636
58.0,49.838127
40.0,30.259567
87.0,65.51907
29.0,18.577831
83.0,70.718254
53.0,28.245842
78.0,56.230923
48.0,43.82499
84.0,76.782486
47.0,36.329792
61.0,47.85948
47.0,49.97898
40.0,34.70572
80.0,51.217606
62.0,45.185555
37.0,25.647472
69.0,57.432365
41.0,26.421314
23.0,15.50922
37.0,34.31343
28.0,18.096565
43.0,26.136919
45.0,38.778305
