Actual_Age,Predicted_Age
69.0,70.64251
68.0,55.395218
47.0,46.31005
55.0,46.8722
64.0,59.981247
23.0,21.573765
66.0,59.29442
78.0,72.04171
68.0,69.485756
85.0,68.68806
80.0,68.41457
70.0,62.234398
36.0,23.39546
79.0,67.83643
63.0,62.190742
28.0,16.506908
39.0,47.691498
60.0,35.226425
18.0,17.771364
75.0,49.26599
65.0,56.769783
44.0,37.015434
43.0,45.066345
42.0,31.37577
72.0,68.32534
40.0,28.466864
64.0,44.926422
56.0,56.82293
49.0,31.044758
45.0,35.264885
66.0,60.970016
83.0,78.75582
78.0,60.625114
84.0,67.40128
29.0,30.757668
51.0,37.89595
24.0,19.170916
80.0,64.10498
28.0,19.589415
76.0,60.51178
21.0,11.560007
70.0,62.748
69.0,66.236626
69.0,62.334908
70.0,69.40807
32.0,20.850786
54.0,50.92296
27.0,20.949175
60.0,61.732147
79.0,70.40255
30.0,14.413211
73.0,69.50143
51.0,50.33506
45.0,52.181015
55.0,37.934875
63.0,67.88202
57.0,56.389694
37.0,33.166245
28.0,20.742216
50.0,34.048714
66.0,55.848892
80.0,70.74253
88.0,61.394157
37.0,40.7146
27.0,15.228418
80.0,61.4563
60.0,58.70475
49.0,40.5616
56.0,52.711456
32.0,23.987558
78.0,81.116905
67.0,56.871918
64.0,56.914413
33.0,19.571533
72.0,52.52722
35.0,24.921148
73.0,62.3525
36.0,30.083647
52.0,25.45797
33.0,17.007723
54.0,27.382341
68.0,60.55848
56.0,52.57186
72.0,65.636505
36.0,31.377562
78.0,69.35731
52.0,28.14813
51.0,45.233353
41.0,24.341913
29.0,14.740426
39.0,33.116013
61.0,51.875877
61.0,61.454575
24.0,13.134432
25.0,17.748135
43.0,34.69963
60.0,61.869926
76.0,58.767532
36.0,30.385141
81.0,70.00147
43.0,24.625484
85.0,71.70084
34.0,28.045824
76.0,70.36077
48.0,52.754135
58.0,44.08165
30.0,20.409475
50.0,28.297287
58.0,52.55107
40.0,37.488106
87.0,69.651276
29.0,16.743023
83.0,72.47873
53.0,32.180016
78.0,60.93342
48.0,49.84548
84.0,88.76852
47.0,42.237137
61.0,53.373
47.0,52.96
40.0,39.372253
80.0,71.56012
62.0,43.76232
37.0,29.301943
69.0,59.080803
41.0,22.338545
23.0,15.406928
37.0,36.84449
28.0,19.430956
43.0,30.200037
45.0,36.180412
