Actual_Age,Predicted_Age
30.0,27.393278
25.0,15.098515
54.0,36.320183
63.0,49.7879
60.0,38.923805
57.0,56.933796
54.0,41.82969
60.0,60.889732
57.0,47.94717
29.0,30.041481
27.0,20.299957
60.0,61.131413
59.0,60.74038
75.0,67.6035
23.0,10.298207
55.0,50.007744
59.0,50.696774
59.0,44.24017
48.0,46.116856
20.0,16.512772
68.0,56.362095
74.0,70.70538
64.0,55.53207
23.0,17.527943
55.0,53.050293
45.0,46.335644
61.0,53.450676
49.0,39.99679
20.0,11.81529
72.0,70.738785
19.0,16.369436
27.0,18.31837
34.0,22.962677
23.0,15.758344
26.0,25.481552
24.0,22.086285
60.0,44.276043
48.0,42.54224
24.0,19.548721
57.0,41.811096
32.0,24.166492
55.0,52.502552
48.0,38.00883
57.0,42.252934
62.0,54.28528
23.0,17.156666
35.0,41.442657
59.0,56.265396
42.0,50.58099
23.0,18.513428
61.0,58.63901
45.0,37.61346
42.0,37.37238
77.0,75.14888
50.0,33.70918
32.0,20.021473
19.0,13.219923
53.0,35.949345
77.0,71.825554
72.0,48.848557
63.0,56.290966
46.0,30.082409
40.0,47.934086
58.0,53.380245
23.0,15.056152
59.0,23.568495
24.0,22.957054
61.0,53.02303
21.0,16.227453
49.0,50.230434
24.0,15.264356
53.0,36.004894
42.0,41.890236
63.0,53.262035
61.0,61.264015
23.0,14.308912
40.0,29.610294
21.0,12.784513
23.0,29.791912
24.0,16.902805
24.0,22.419617
69.0,62.49921
51.0,44.524242
72.0,64.0355
74.0,76.833405
23.0,17.805191
57.0,57.828194
62.0,51.76332
26.0,20.254585
19.0,15.3380995
63.0,61.01517
53.0,50.00429
47.0,25.117884
60.0,64.942375
45.0,44.21602
24.0,14.928648
24.0,16.86392
33.0,20.398445
24.0,13.449629
