Actual_Age,Predicted_Age
69.0,59.223698
68.0,51.837013
47.0,40.515858
55.0,39.54221
64.0,59.151707
23.0,24.550549
66.0,52.747013
78.0,59.016224
68.0,61.853283
85.0,68.60498
80.0,70.55616
70.0,56.45544
36.0,21.060402
79.0,62.0512
63.0,61.20162
28.0,21.612139
39.0,41.00379
60.0,37.845146
18.0,10.727137
75.0,46.91452
65.0,56.24921
44.0,37.058483
43.0,31.92126
42.0,28.257366
72.0,66.7177
40.0,22.700785
64.0,46.679153
56.0,47.003017
49.0,27.144844
45.0,38.51294
66.0,65.76112
83.0,73.59517
78.0,61.88957
84.0,71.279236
29.0,28.622185
51.0,41.82118
24.0,15.404167
80.0,61.106544
28.0,22.104618
76.0,59.554905
21.0,9.299244
70.0,64.30905
69.0,62.000774
69.0,53.80588
70.0,59.43396
32.0,20.267517
54.0,46.458668
27.0,19.380165
60.0,60.605625
79.0,67.27222
30.0,11.304989
73.0,67.10332
51.0,45.783436
45.0,39.993874
55.0,38.077454
63.0,60.183014
57.0,51.05427
37.0,25.670732
28.0,19.15608
50.0,34.112457
66.0,52.676598
80.0,75.46448
88.0,63.004215
37.0,25.622988
27.0,12.257379
80.0,63.00788
60.0,48.35889
49.0,42.494137
56.0,49.127132
32.0,27.974354
78.0,80.08093
67.0,53.17571
64.0,56.573486
33.0,16.973558
72.0,53.680576
35.0,24.80865
73.0,62.17622
36.0,29.521667
52.0,25.878736
33.0,14.156139
54.0,26.532518
68.0,58.67368
56.0,44.43606
72.0,56.759865
36.0,28.24891
78.0,66.442604
52.0,30.278143
51.0,43.653557
41.0,25.308182
29.0,15.182861
39.0,35.714603
61.0,50.662945
61.0,50.09821
24.0,15.4831505
25.0,18.621561
43.0,31.689507
60.0,56.049316
76.0,59.650974
36.0,29.188828
81.0,65.25527
43.0,19.26107
85.0,58.29593
34.0,26.683868
76.0,66.35109
48.0,46.456112
58.0,44.887737
30.0,16.30486
50.0,25.790619
58.0,51.568623
40.0,29.791939
87.0,70.229095
29.0,16.289413
83.0,75.79374
53.0,27.33274
78.0,61.131927
48.0,45.650032
84.0,84.026505
47.0,36.140244
61.0,50.263386
47.0,51.985725
40.0,35.73585
80.0,57.10532
62.0,45.278725
37.0,25.957535
69.0,59.800663
41.0,25.518486
23.0,14.570666
37.0,33.76704
28.0,16.188892
43.0,25.721088
45.0,40.320827
