Silo,Max Epochs,Test MAE
CamCAN,200,6.778709793090821
SALD,200,4.863793730735779
eNKI,200,4.578701768602643
