Silo,Max Epochs,Test MAE
CamCAN,200,5.632409000396729
SALD,200,5.079725861549377
eNKI,200,4.796007088252476