Actual_Age,Predicted_Age
30.0,30.009384
25.0,18.229568
54.0,42.860092
63.0,52.81519
60.0,42.9589
57.0,61.972668
54.0,44.084156
60.0,67.507164
57.0,51.73261
29.0,33.901592
27.0,25.12666
60.0,72.45609
59.0,66.00925
75.0,76.13317
23.0,12.08073
55.0,56.370358
59.0,54.30826
59.0,49.379917
48.0,47.404152
20.0,20.732075
68.0,64.30882
74.0,81.15299
64.0,65.07723
23.0,22.659225
55.0,57.65783
45.0,49.29247
61.0,57.97616
49.0,40.63753
20.0,15.133379
72.0,81.062805
19.0,18.323639
27.0,21.596699
34.0,28.410475
23.0,16.947613
26.0,32.040337
24.0,27.028423
60.0,49.798866
48.0,50.549366
24.0,24.539543
57.0,44.74991
32.0,30.807907
55.0,57.573475
48.0,40.515102
57.0,49.0856
62.0,63.736813
23.0,23.234802
35.0,43.49578
59.0,59.219288
42.0,51.684616
23.0,24.43799
61.0,63.307865
45.0,41.04725
42.0,42.63364
77.0,88.69982
50.0,36.289337
32.0,22.937712
19.0,17.588095
53.0,42.321674
77.0,84.26983
72.0,62.05135
63.0,63.46705
46.0,36.458874
40.0,51.59203
58.0,64.81525
23.0,17.33267
59.0,24.658464
24.0,29.494055
61.0,57.000355
21.0,21.523205
49.0,54.552197
24.0,19.069294
53.0,41.155968
42.0,40.58166
63.0,56.87041
61.0,65.15539
23.0,18.18818
40.0,32.31458
21.0,16.323322
23.0,32.61621
24.0,18.96997
24.0,25.857277
69.0,78.598595
51.0,43.91434
72.0,70.83898
74.0,88.62136
23.0,23.842262
57.0,58.939777
62.0,56.863476
26.0,22.002748
19.0,16.600092
63.0,64.41157
53.0,55.947712
47.0,29.39731
60.0,69.971466
45.0,52.076736
24.0,18.298752
24.0,22.717808
33.0,25.26373
24.0,17.24462
