Actual_Age,Predicted_Age
69.0,63.701775
68.0,51.996784
47.0,36.245277
55.0,33.976994
64.0,57.25561
23.0,22.89267
66.0,54.392006
78.0,61.1243
68.0,72.77967
85.0,70.13706
80.0,68.28774
70.0,54.890335
36.0,17.981163
79.0,64.245
63.0,64.069176
28.0,14.169293
39.0,44.873894
60.0,38.54006
18.0,9.839997
75.0,52.982685
65.0,60.04742
44.0,29.258623
43.0,35.85956
42.0,23.167141
72.0,64.537796
40.0,32.058784
64.0,44.630535
56.0,53.893578
49.0,29.248352
45.0,36.656456
66.0,63.443382
83.0,75.49473
78.0,59.86681
84.0,76.085655
29.0,18.618746
51.0,32.15936
24.0,14.926418
80.0,69.97254
28.0,14.602569
76.0,63.564384
21.0,8.4437065
70.0,60.25994
69.0,58.454094
69.0,62.764675
70.0,61.49444
32.0,18.632446
54.0,54.18094
27.0,17.892338
60.0,62.923676
79.0,73.3108
30.0,13.171437
73.0,73.22402
51.0,50.060898
45.0,48.959995
55.0,29.223827
63.0,59.987076
57.0,46.871376
37.0,29.535301
28.0,14.930343
50.0,27.868374
66.0,52.794395
80.0,69.97411
88.0,63.17865
37.0,28.869183
27.0,11.17601
80.0,70.79597
60.0,55.370934
49.0,38.827187
56.0,44.859016
32.0,22.351791
78.0,77.60792
67.0,56.472473
64.0,44.84826
33.0,19.172966
72.0,47.6879
35.0,21.851652
73.0,65.862434
36.0,26.230965
52.0,20.020636
33.0,16.307434
54.0,30.035534
68.0,60.644993
56.0,48.95719
72.0,65.45191
36.0,30.129337
78.0,62.87564
52.0,35.0835
51.0,36.004257
41.0,22.36398
29.0,15.391016
39.0,30.713581
61.0,48.718094
61.0,58.381905
24.0,18.123093
25.0,18.389095
43.0,30.5018
60.0,59.23916
76.0,51.850365
36.0,25.188618
81.0,71.57668
43.0,24.184544
85.0,70.94685
34.0,22.094559
76.0,63.074936
48.0,39.24475
58.0,36.421936
30.0,21.365835
50.0,19.292088
58.0,47.37291
40.0,29.52147
87.0,71.38952
29.0,14.213517
83.0,70.4258
53.0,28.884754
78.0,62.826096
48.0,45.704865
84.0,88.81777
47.0,26.669624
61.0,54.09178
47.0,48.945263
40.0,31.442928
80.0,69.45963
62.0,39.055077
37.0,29.600508
69.0,56.287365
41.0,23.694778
23.0,12.268678
37.0,26.67176
28.0,10.762433
43.0,28.713333
45.0,35.931416
