Actual_Age,Predicted_Age
69.0,55.23895
68.0,45.24415
47.0,37.797916
55.0,36.905148
64.0,56.658344
23.0,23.359552
66.0,47.974087
78.0,56.90022
68.0,58.33228
85.0,66.7737
80.0,63.604385
70.0,52.83301
36.0,22.774292
79.0,61.374027
63.0,55.4306
28.0,23.049911
39.0,35.170475
60.0,34.40639
18.0,11.633026
75.0,44.417217
65.0,49.598404
44.0,35.646015
43.0,25.044336
42.0,28.755795
72.0,61.548595
40.0,20.792107
64.0,45.41265
56.0,43.021717
49.0,22.689459
45.0,34.417572
66.0,58.87604
83.0,61.47643
78.0,55.22629
84.0,70.28392
29.0,27.513256
51.0,40.37238
24.0,19.456165
80.0,56.854534
28.0,22.475163
76.0,56.128918
21.0,11.923784
70.0,62.196262
69.0,58.43911
69.0,49.964237
70.0,54.546215
32.0,20.52304
54.0,40.32893
27.0,15.617634
60.0,54.8529
79.0,63.253906
30.0,13.674698
73.0,59.370975
51.0,41.744587
45.0,36.279613
55.0,37.24457
63.0,57.897198
57.0,43.976322
37.0,23.992687
28.0,22.362286
50.0,31.068703
66.0,45.238155
80.0,67.77296
88.0,53.52982
37.0,23.567284
27.0,14.954733
80.0,57.776394
60.0,43.387234
49.0,39.323425
56.0,48.163628
32.0,26.598886
78.0,69.28096
67.0,49.44164
64.0,54.265667
33.0,20.381603
72.0,48.945415
35.0,23.98156
73.0,54.641235
36.0,26.12511
52.0,30.48518
33.0,16.437721
54.0,26.682896
68.0,51.30892
56.0,39.98667
72.0,51.56659
36.0,22.992176
78.0,67.8994
52.0,28.535034
51.0,41.771626
41.0,25.610199
29.0,17.451035
39.0,34.539635
61.0,51.00958
61.0,46.12751
24.0,20.836472
25.0,21.8592
43.0,29.859833
60.0,52.057575
76.0,58.088398
36.0,28.552557
81.0,65.12081
43.0,16.020954
85.0,53.19825
34.0,22.71669
76.0,60.734287
48.0,40.43855
58.0,43.997738
30.0,16.587063
50.0,21.733967
58.0,45.66348
40.0,26.00396
87.0,66.528336
29.0,14.424469
83.0,70.30418
53.0,27.49326
78.0,55.7781
48.0,42.491844
84.0,79.2456
47.0,34.93016
61.0,44.89978
47.0,48.454662
40.0,32.55606
80.0,49.340588
62.0,43.412975
37.0,21.860275
69.0,54.930416
41.0,24.154186
23.0,12.705725
37.0,28.970339
28.0,17.00597
43.0,27.210548
45.0,34.326252
