Actual_Age,Predicted_Age
30.0,37.007328
25.0,20.592459
54.0,47.635048
63.0,57.632557
60.0,56.67441
57.0,55.117165
54.0,41.283287
60.0,64.54819
57.0,51.982647
29.0,29.355389
27.0,22.400127
60.0,60.190582
59.0,67.91819
75.0,70.38656
23.0,9.181838
55.0,53.819435
59.0,53.1789
59.0,50.301437
48.0,50.684486
20.0,17.39875
68.0,71.292534
74.0,84.67363
64.0,62.14705
23.0,19.741531
55.0,67.81324
45.0,60.405785
61.0,57.532703
49.0,49.16677
20.0,17.485802
72.0,80.12885
19.0,20.050282
27.0,21.828682
34.0,30.558147
23.0,23.43967
26.0,24.86483
24.0,21.58202
60.0,48.64908
48.0,52.9319
24.0,28.08448
57.0,56.801414
32.0,26.482761
55.0,54.20809
48.0,38.727062
57.0,48.11356
62.0,66.89248
23.0,18.586672
35.0,48.53208
59.0,60.171715
42.0,61.08895
23.0,22.83791
61.0,66.95312
45.0,47.972107
42.0,59.944714
77.0,83.06104
50.0,47.996857
32.0,16.39556
19.0,19.60451
53.0,38.289402
77.0,80.40733
72.0,65.26787
63.0,64.05796
46.0,36.837803
40.0,55.54248
58.0,71.78277
23.0,13.68065
59.0,28.30707
24.0,26.6142
61.0,59.510094
21.0,19.504593
49.0,50.226807
24.0,22.594383
53.0,43.12069
42.0,40.001198
63.0,59.781784
61.0,70.40208
23.0,20.95251
40.0,38.57284
21.0,19.363811
23.0,38.570557
24.0,16.867653
24.0,30.77613
69.0,87.938
51.0,57.396526
72.0,85.66879
74.0,99.000145
23.0,24.438751
57.0,62.813057
62.0,55.104015
26.0,26.051498
19.0,15.689069
63.0,62.171936
53.0,44.870987
47.0,32.443024
60.0,62.967793
45.0,55.016796
24.0,22.375738
24.0,21.292423
33.0,28.255024
24.0,25.432856
