Actual_Age,Predicted_Age
69.0,69.38509
68.0,64.92677
47.0,45.89896
55.0,41.851543
64.0,53.35781
23.0,38.50669
66.0,63.439888
78.0,67.77611
68.0,72.89354
85.0,69.7473
80.0,65.45034
70.0,54.296886
36.0,35.950592
79.0,66.45221
63.0,66.243
28.0,25.119404
39.0,45.168255
60.0,41.195995
18.0,17.261776
75.0,54.893837
65.0,57.061344
44.0,42.96121
43.0,44.639313
42.0,37.110218
72.0,70.32093
40.0,40.98564
64.0,51.23794
56.0,50.67223
49.0,44.972874
45.0,42.27055
66.0,59.582287
83.0,83.714294
78.0,77.45216
84.0,77.70862
29.0,32.163578
51.0,33.162254
24.0,31.759384
80.0,62.89522
28.0,28.072578
76.0,65.360886
21.0,17.558908
70.0,60.953434
69.0,62.712933
69.0,62.963284
70.0,65.40721
32.0,27.558762
54.0,54.62695
27.0,30.468174
60.0,60.648426
79.0,75.01984
30.0,19.80304
73.0,68.45494
51.0,50.174454
45.0,50.74029
55.0,34.545475
63.0,58.316387
57.0,59.20206
37.0,37.81602
28.0,29.62281
50.0,40.41214
66.0,50.32201
80.0,80.047615
88.0,71.40289
37.0,40.786247
27.0,22.460001
80.0,71.8004
60.0,50.690823
49.0,43.59289
56.0,51.700157
32.0,28.771679
78.0,91.631134
67.0,58.456837
64.0,55.098267
33.0,30.12396
72.0,58.8318
35.0,35.742123
73.0,63.854675
36.0,43.20868
52.0,33.202568
33.0,23.343462
54.0,31.976837
68.0,57.90171
56.0,43.152477
72.0,67.05504
36.0,37.140556
78.0,65.789665
52.0,39.159122
51.0,46.866093
41.0,33.442932
29.0,22.090565
39.0,30.957321
61.0,52.08762
61.0,52.37501
24.0,22.156332
25.0,23.121315
43.0,33.029743
60.0,57.071606
76.0,52.72841
36.0,36.094616
81.0,70.80435
43.0,30.799557
85.0,74.18869
34.0,29.66965
76.0,66.66308
48.0,60.26227
58.0,42.005527
30.0,19.988901
50.0,33.425346
58.0,54.764114
40.0,37.44032
87.0,65.648575
29.0,27.768858
83.0,80.69445
53.0,34.538063
78.0,63.470486
48.0,51.337444
84.0,92.31407
47.0,36.260426
61.0,55.481915
47.0,54.116985
40.0,43.496967
80.0,87.13098
62.0,36.177498
37.0,31.587463
69.0,57.611042
41.0,33.25639
23.0,25.840126
37.0,35.17703
28.0,23.126823
43.0,34.96675
45.0,40.97527
