Actual_Age,Predicted_Age
69.0,65.8675
68.0,62.826332
47.0,40.797604
55.0,43.518482
64.0,59.965565
23.0,23.657082
66.0,58.11987
78.0,68.28343
68.0,65.652695
85.0,68.70679
80.0,72.83889
70.0,59.334965
36.0,25.280155
79.0,63.251907
63.0,65.180855
28.0,22.427168
39.0,45.561165
60.0,55.06239
18.0,19.111488
75.0,56.224476
65.0,60.77543
44.0,40.921497
43.0,39.06765
42.0,32.391354
72.0,69.0832
40.0,42.688786
64.0,57.371075
56.0,54.281998
49.0,45.317074
45.0,42.216892
66.0,62.201603
83.0,69.314964
78.0,63.066715
84.0,72.76969
29.0,27.738766
51.0,39.74233
24.0,22.48478
80.0,63.80295
28.0,27.093052
76.0,60.520977
21.0,15.7779
70.0,58.88898
69.0,61.329334
69.0,61.533764
70.0,69.62943
32.0,24.449074
54.0,52.37372
27.0,21.301743
60.0,56.96726
79.0,69.76488
30.0,20.23744
73.0,68.64106
51.0,52.98171
45.0,47.649284
55.0,42.93255
63.0,59.591965
57.0,56.362663
37.0,35.974804
28.0,25.367092
50.0,41.80097
66.0,55.154484
80.0,73.93398
88.0,68.41662
37.0,37.360764
27.0,19.232689
80.0,69.58433
60.0,51.54011
49.0,43.660748
56.0,51.045887
32.0,30.982925
78.0,64.471825
67.0,55.886967
64.0,61.887184
33.0,20.352785
72.0,58.086113
35.0,30.40271
73.0,62.607536
36.0,33.429806
52.0,30.08391
33.0,21.596003
54.0,32.316135
68.0,60.683964
56.0,48.294476
72.0,64.98852
36.0,35.38866
78.0,68.642166
52.0,30.833517
51.0,49.286335
41.0,25.756916
29.0,20.57898
39.0,41.237095
61.0,62.97307
61.0,53.47238
24.0,18.58474
25.0,21.170986
43.0,33.513275
60.0,60.873486
76.0,59.17367
36.0,31.760698
81.0,68.563835
43.0,27.243069
85.0,70.21995
34.0,27.476011
76.0,70.442055
48.0,52.701023
58.0,53.940025
30.0,23.226639
50.0,24.283539
58.0,50.120773
40.0,35.339222
87.0,63.625156
29.0,22.31519
83.0,72.74256
53.0,34.06349
78.0,65.72012
48.0,50.87734
84.0,79.21738
47.0,40.089764
61.0,48.89783
47.0,50.572155
40.0,41.370342
80.0,68.238914
62.0,56.89542
37.0,26.839792
69.0,54.774776
41.0,29.705185
23.0,20.643145
37.0,33.751278
28.0,20.878256
43.0,30.927563
45.0,32.84221
