Actual_Age,Predicted_Age
30.0,29.281445
25.0,21.82241
54.0,47.93926
63.0,49.87472
60.0,57.91113
57.0,46.39879
54.0,41.68016
60.0,62.864613
57.0,42.228924
29.0,35.01165
27.0,31.464376
60.0,53.48794
59.0,53.43117
75.0,70.7665
23.0,15.520837
55.0,48.691425
59.0,48.975334
59.0,42.217247
48.0,45.2113
20.0,18.37081
68.0,63.001316
74.0,73.11839
64.0,55.77293
23.0,27.333454
55.0,55.754864
45.0,34.709774
61.0,53.122486
49.0,43.118076
20.0,24.57399
72.0,60.94934
19.0,24.258715
27.0,26.641151
34.0,30.441647
23.0,25.195637
26.0,29.362003
24.0,27.95811
60.0,42.358044
48.0,53.81884
24.0,29.11256
57.0,53.52592
32.0,28.539557
55.0,45.785664
48.0,40.267647
57.0,37.70381
62.0,58.539104
23.0,30.092482
35.0,42.2514
59.0,45.812016
42.0,48.641533
23.0,31.13694
61.0,49.989376
45.0,49.609493
42.0,51.08782
77.0,73.98058
50.0,42.024086
32.0,17.864977
19.0,23.296785
53.0,41.273415
77.0,57.943203
72.0,54.09468
63.0,67.56656
46.0,33.531216
40.0,43.853813
58.0,58.28102
23.0,20.440636
59.0,34.52184
24.0,28.811518
61.0,51.11127
21.0,23.093283
49.0,51.283283
24.0,22.439758
53.0,41.362072
42.0,36.688152
63.0,51.192318
61.0,53.097813
23.0,20.858744
40.0,39.608376
21.0,15.453895
23.0,37.93737
24.0,15.739286
24.0,26.38081
69.0,68.156204
51.0,53.316113
72.0,58.309788
74.0,74.68036
23.0,26.090609
57.0,53.47162
62.0,49.258865
26.0,27.60248
19.0,16.457096
63.0,58.654
53.0,47.579548
47.0,29.42827
60.0,59.83826
45.0,43.41621
24.0,27.840387
24.0,25.122053
33.0,30.393356
24.0,25.47154
