Silo,Max Epochs,Test MAE
CamCAN,200,7.244374847412109
SALD,200,6.4051353931427
eNKI,200,6.424230303083148
