Silo,Max Epochs,Test MAE
CamCAN,200,6.37853307723999
SALD,200,6.795227885246277
eNKI,200,4.9694641658238
