Actual_Age,Predicted_Age
30.0,25.960667
25.0,17.148588
54.0,45.918137
63.0,53.21448
60.0,56.674088
57.0,51.73927
54.0,42.399147
60.0,68.37086
57.0,49.86017
29.0,31.533726
27.0,16.812275
60.0,52.85538
59.0,62.621025
75.0,79.53788
23.0,9.76345
55.0,55.908585
59.0,47.658882
59.0,48.804535
48.0,46.736046
20.0,14.204637
68.0,68.03877
74.0,79.80834
64.0,64.28087
23.0,21.70474
55.0,60.665627
45.0,42.200905
61.0,57.070366
49.0,34.876118
20.0,14.396104
72.0,63.343525
19.0,19.516066
27.0,27.815958
34.0,26.021994
23.0,19.785643
26.0,24.608883
24.0,21.915184
60.0,41.94922
48.0,48.94284
24.0,27.414745
57.0,52.13173
32.0,26.85188
55.0,50.415665
48.0,41.351837
57.0,41.112694
62.0,57.37213
23.0,26.584486
35.0,43.0019
59.0,52.121197
42.0,53.343292
23.0,26.895746
61.0,64.453026
45.0,44.00376
42.0,44.515724
77.0,79.90728
50.0,40.038414
32.0,15.347333
19.0,14.864341
53.0,34.383617
77.0,74.64269
72.0,45.486183
63.0,67.73301
46.0,36.87239
40.0,48.93375
58.0,51.59651
23.0,15.442632
59.0,23.918655
24.0,27.797136
61.0,57.024193
21.0,16.077297
49.0,54.01966
24.0,18.319517
53.0,42.989037
42.0,39.73486
63.0,52.85016
61.0,58.33722
23.0,13.044902
40.0,37.142216
21.0,11.919431
23.0,29.248507
24.0,14.186566
24.0,23.565706
69.0,75.91153
51.0,48.45841
72.0,83.27259
74.0,92.53105
23.0,20.927675
57.0,54.76871
62.0,56.598488
26.0,28.184246
19.0,15.005956
63.0,65.25335
53.0,49.35045
47.0,27.22719
60.0,68.64472
45.0,43.617912
24.0,19.377285
24.0,20.138014
33.0,25.33778
24.0,23.265709
