Actual_Age,Predicted_Age
30.0,29.522604
25.0,15.907966
54.0,37.836235
63.0,56.91844
60.0,54.80284
57.0,59.87327
54.0,51.400215
60.0,61.963165
57.0,49.955162
29.0,34.96083
27.0,23.993097
60.0,57.783577
59.0,62.058456
75.0,69.65393
23.0,12.131459
55.0,56.76481
59.0,54.09108
59.0,55.632492
48.0,46.92405
20.0,16.751236
68.0,66.28809
74.0,82.857666
64.0,58.181305
23.0,18.16554
55.0,62.438747
45.0,52.55033
61.0,63.25936
49.0,47.316193
20.0,13.672975
72.0,68.67535
19.0,21.091768
27.0,27.569937
34.0,21.865175
23.0,21.869574
26.0,27.217398
24.0,32.809486
60.0,48.455273
48.0,57.485725
24.0,23.74622
57.0,51.731007
32.0,26.571547
55.0,53.247017
48.0,36.618095
57.0,38.030525
62.0,57.489807
23.0,19.631666
35.0,44.42323
59.0,57.702377
42.0,52.083443
23.0,18.145681
61.0,62.412445
45.0,50.839462
42.0,51.70078
77.0,82.106544
50.0,46.637
32.0,14.090484
19.0,16.250834
53.0,34.709404
77.0,66.33138
72.0,56.401176
63.0,84.47665
46.0,35.833538
40.0,49.70079
58.0,54.304817
23.0,15.662013
59.0,30.5076
24.0,23.36371
61.0,63.61193
21.0,16.42629
49.0,60.844894
24.0,17.471006
53.0,46.02388
42.0,34.40599
63.0,54.29226
61.0,68.3227
23.0,19.664312
40.0,37.303368
21.0,17.164818
23.0,44.524628
24.0,19.69327
24.0,26.994635
69.0,76.32395
51.0,53.559456
72.0,85.41912
74.0,81.71476
23.0,22.145935
57.0,69.34437
62.0,46.20292
26.0,26.02977
19.0,16.94057
63.0,61.92752
53.0,52.706802
47.0,29.279469
60.0,66.10858
45.0,49.941715
24.0,22.583292
24.0,21.70339
33.0,25.756254
24.0,20.509954
