Actual_Age,Predicted_Age
69.0,69.28413
68.0,48.693565
47.0,37.246223
55.0,33.377743
64.0,55.4878
23.0,18.761988
66.0,53.581604
78.0,63.45044
68.0,62.15869
85.0,68.203865
80.0,68.27071
70.0,58.234715
36.0,23.619768
79.0,61.30237
63.0,58.467262
28.0,18.229418
39.0,40.226425
60.0,34.17751
18.0,10.409822
75.0,50.7614
65.0,61.096176
44.0,26.493147
43.0,39.17665
42.0,32.798016
72.0,66.1419
40.0,28.947744
64.0,47.699696
56.0,51.797836
49.0,25.094584
45.0,30.485792
66.0,52.801884
83.0,66.385506
78.0,54.420994
84.0,70.22778
29.0,25.164131
51.0,37.16407
24.0,18.93065
80.0,62.329338
28.0,22.298763
76.0,62.913612
21.0,10.152461
70.0,57.512924
69.0,59.565643
69.0,60.15268
70.0,62.859966
32.0,19.554401
54.0,56.34096
27.0,17.028698
60.0,59.08192
79.0,60.69336
30.0,12.423156
73.0,65.92075
51.0,38.397194
45.0,38.54863
55.0,24.980368
63.0,63.99676
57.0,49.60146
37.0,22.025002
28.0,17.376322
50.0,22.954828
66.0,54.7679
80.0,65.725
88.0,60.339264
37.0,27.539263
27.0,9.465725
80.0,65.647064
60.0,52.19233
49.0,35.950233
56.0,44.842205
32.0,24.83563
78.0,72.16404
67.0,55.03071
64.0,54.483646
33.0,17.799896
72.0,47.294716
35.0,21.856474
73.0,62.893803
36.0,30.790138
52.0,21.721254
33.0,13.323476
54.0,29.312809
68.0,56.562782
56.0,46.2351
72.0,57.167915
36.0,24.426096
78.0,59.225655
52.0,29.909658
51.0,39.158318
41.0,18.004961
29.0,13.118779
39.0,30.569904
61.0,42.918198
61.0,46.18878
24.0,15.200653
25.0,14.82401
43.0,20.96057
60.0,55.38051
76.0,50.250065
36.0,21.251287
81.0,69.495544
43.0,25.062372
85.0,61.270126
34.0,21.593569
76.0,65.626564
48.0,43.07103
58.0,29.92264
30.0,14.174836
50.0,19.349825
58.0,51.298763
40.0,31.798727
87.0,63.892063
29.0,14.405025
83.0,70.39265
53.0,22.33604
78.0,65.66099
48.0,48.28048
84.0,86.04824
47.0,26.072702
61.0,54.823254
47.0,50.275806
40.0,37.34251
80.0,67.67866
62.0,38.435753
37.0,21.467583
69.0,53.180904
41.0,18.483797
23.0,14.681071
37.0,29.029802
28.0,10.364293
43.0,19.353172
45.0,32.33954
