Silo,Max Epochs,Test MAE Error
CamCAN,200,8.35976505279541
SALD,200,4.894668340682983
eNKI,200,4.351196765899658
