Silo,Max Epochs,Test MAE
CamCAN,200,8.249745655059815
SALD,200,6.564072847366333
eNKI,200,5.460440635681152
